,Age,Gender,Blood Pressure,Cholesterol Level,Exercise Habits,Smoking,Family Heart Disease,Diabetes,BMI,High Blood Pressure,Low HDL Cholesterol,High LDL Cholesterol,Alcohol Consumption,Stress Level,Sleep Hours,Sugar Consumption,Triglyceride Level,Fasting Blood Sugar,CRP Level,Homocysteine Level
count,10000.0,10000.0,10000.0,10000.0,10000.0,10000.0,10000.0,10000.0,10000.0,10000.0,10000.0,10000.0,10000.0,10000.0,10000.0,10000.0,10000.0,10000.0,10000.0,10000.0
mean,49.2954,0.5022,149.7582,225.4273,0.9935,0.5148,0.4975,0.4952,29.077273817368702,0.5048,0.5025,0.4938,1.266,1.0138,6.991359253563778,0.992,250.7325,120.1419,7.472200499822342,12.456177131148642
std,18.1675739963951,0.5000201616097113,17.556268254258978,43.510401402572946,0.8203200853960911,0.49980590292038307,0.5000187515235678,0.5000019601921772,6.300155844212747,0.5000019601921771,0.5000187515235679,0.49998655847519097,0.8249315433447314,0.8172370204749437,1.751002265886828,0.8111731012428963,86.95396162852093,23.558053030253955,4.334601011183703,4.319100342498026
min,18.0,0.0,120.0,150.0,0.0,0.0,0.0,0.0,18.00283694367505,0.0,0.0,0.0,0.0,0.0,4.000605495703501,0.0,100.0,80.0,0.0036467123625,5.000236488356111
25%,34.0,0.0,134.0,187.0,0.0,0.0,0.0,0.0,23.668887336523508,0.0,0.0,0.0,1.0,0.0,5.455288107647662,0.0,176.0,99.0,3.681800404312429,8.729771284256254
50%,49.0,1.0,150.0,226.0,1.0,1.0,0.0,0.0,29.079491590086043,1.0,1.0,0.0,2.0,1.0,7.003252334814371,1.0,250.0,120.0,7.472164393020417,12.409395381646618
75%,65.0,1.0,165.0,263.0,2.0,1.0,1.0,1.0,34.509008798666855,1.0,1.0,1.0,2.0,2.0,8.527938096796266,2.0,326.0,141.0,11.244879165750111,16.13096818106047
max,80.0,1.0,180.0,300.0,2.0,1.0,1.0,1.0,39.99695379658124,1.0,1.0,1.0,2.0,2.0,9.999952253817796,2.0,400.0,160.0,14.997086730710286,19.99903699208996
